{"_step":2499805184,"_wandb":{"runtime":19795},"val_loss":3.3821325302124023,"_timestamp":1.7443297128181167e+09,"time":1.944453707622199e+07,"_runtime":19795.606845024}